Hotel Name, Location, No. of Rooms, Rating
MiggysParadise,Mamma Mia Land,0,5.0,[Bachelor suite 1 true, Two to tango 2 true, bring the family suite 5 true]Hotel Name, Location, No. of Rooms, Rating
MiggysParadise,Mamma Mia Land,0,5.0,[Bachelor suite 1 true, Two to tango 2 true, bring the family suite 5 true]SeanVille,HoesAin'tLoyalCentral,0,4.0,[I went to the gym once Suite 1 true]Hotel Name, Location, No. of Rooms, Rating
MiggysParadise,Mamma Mia Land,0,5.0,[Bachelor suite 1 true, Two to tango 2 true, bring the family suite 5 true]SeanVille,HoesAin'tLoyalCentral,0,4.0,[I went to the gym once Suite 1 true]WickyNicky'sEmporium,LoserVille,0,-1.0,[Slow Head Turn Deluxe 1 false]Hotel Name, Location, No. of Rooms, Rating
MiggysParadise,Mamma Mia Land,0,5.0,[Bachelor suite 1 true, Two to tango 2 true, bring the family suite 5 true]Hotel Name, Location, No. of Rooms, Rating
MiggysParadise,Mamma Mia Land,0,5.0,[Bachelor suite 1 true, Two to tango 2 true, bring the family suite 5 true]SeanVille,HoesAin'tLoyalCentral,0,4.0,[I went to the gym once Suite 1 true]Hotel Name, Location, No. of Rooms, Rating
MiggysParadise,Mamma Mia Land,0,5.0,[Bachelor suite 1 true, Two to tango 2 true, bring the family suite 5 true]SeanVille,HoesAin'tLoyalCentral,0,4.0,[I went to the gym once Suite 1 true]WickyNicky'sEmporium,LoserVille,0,-1.0,[Slow Head Turn Deluxe 1 false]Hotel Name, Location, No. of Rooms, Rating
MiggysParadise,Mamma Mia Land,0,5.0,[Bachelor suite 1 true, Two to tango 2 true, bring the family suite 5 true]Hotel Name, Location, No. of Rooms, Rating
MiggysParadise,Mamma Mia Land,0,5.0,[Bachelor suite 1 true, Two to tango 2 true, bring the family suite 5 true]SeanVille,HoesAin'tLoyalCentral,0,4.0,[I went to the gym once Suite 1 true]Hotel Name, Location, No. of Rooms, Rating
MiggysParadise,Mamma Mia Land,0,5.0,[Bachelor suite 1 true, Two to tango 2 true, bring the family suite 5 true]SeanVille,HoesAin'tLoyalCentral,0,4.0,[I went to the gym once Suite 1 true]WickyNicky'sEmporium,LoserVille,0,-1.0,[Slow Head Turn Deluxe 1 false]Hotel Name, Location, No. of Rooms, Rating
MiggysParadise,Mamma Mia Land,0,5.0,[Bachelor suite 1 true, Two to tango 2 true, bring the family suite 5 true]Hotel Name, Location, No. of Rooms, Rating
MiggysParadise,Mamma Mia Land,0,5.0,[Bachelor suite 1 true, Two to tango 2 true, bring the family suite 5 true]SeanVille,HoesAin'tLoyalCentral,0,4.0,[I went to the gym once Suite 1 true]Hotel Name, Location, No. of Rooms, Rating
MiggysParadise,Mamma Mia Land,0,5.0,[Bachelor suite 1 true, Two to tango 2 true, bring the family suite 5 true]SeanVille,HoesAin'tLoyalCentral,0,4.0,[I went to the gym once Suite 1 true]WickyNicky'sEmporium,LoserVille,0,-1.0,[Slow Head Turn Deluxe 1 false]Hotel Name, Location, No. of Rooms, Rating
MiggysParadise,Mamma Mia Land,0,5.0,[Bachelor suite 1 true, Two to tango 2 true, bring the family suite 5 true]Hotel Name, Location, No. of Rooms, Rating
MiggysParadise,Mamma Mia Land,0,5.0,[Bachelor suite 1 true, Two to tango 2 true, bring the family suite 5 true]SeanVille,HoesAin'tLoyalCentral,0,4.0,[I went to the gym once Suite 1 true]Hotel Name, Location, No. of Rooms, Rating
MiggysParadise,Mamma Mia Land,0,5.0,[Bachelor suite 1 true, Two to tango 2 true, bring the family suite 5 true]SeanVille,HoesAin'tLoyalCentral,0,4.0,[I went to the gym once Suite 1 true]WickyNicky'sEmporium,LoserVille,0,-1.0,[Slow Head Turn Deluxe 1 false]Hotel Name, Location, No. of Rooms, Rating
MiggysParadise,Mamma Mia Land,0,5.0,[Bachelor suite 1 true, Two to tango 2 true, bring the family suite 5 true]Hotel Name, Location, No. of Rooms, Rating
MiggysParadise,Mamma Mia Land,0,5.0,[Bachelor suite 1 true, Two to tango 2 true, bring the family suite 5 true]SeanVille,HoesAin'tLoyalCentral,0,4.0,[I went to the gym once Suite 1 true]Hotel Name, Location, No. of Rooms, Rating
MiggysParadise,Mamma Mia Land,0,5.0,[Bachelor suite 1 true, Two to tango 2 true, bring the family suite 5 true]SeanVille,HoesAin'tLoyalCentral,0,4.0,[I went to the gym once Suite 1 true]WickyNicky'sEmporium,LoserVille,0,-1.0,[Slow Head Turn Deluxe 1 false]Hotel Name, Location, No. of Rooms, Rating
MiggysParadise,Mamma Mia Land,0,5.0,[Bachelor suite 1 true, Two to tango 2 true, bring the family suite 5 true]Hotel Name, Location, No. of Rooms, Rating
MiggysParadise,Mamma Mia Land,0,5.0,[Bachelor suite 1 true, Two to tango 2 true, bring the family suite 5 true]SeanVille,HoesAin'tLoyalCentral,0,4.0,[I went to the gym once Suite 1 true]Hotel Name, Location, No. of Rooms, Rating
MiggysParadise,Mamma Mia Land,0,5.0,[Bachelor suite 1 true, Two to tango 2 true, bring the family suite 5 true]SeanVille,HoesAin'tLoyalCentral,0,4.0,[I went to the gym once Suite 1 true]WickyNicky'sEmporium,LoserVille,0,-1.0,[Slow Head Turn Deluxe 1 false]Hotel Name, Location, No. of Rooms, Rating
MiggysParadise,Mamma Mia Land,0,5.0,[Bachelor suite 1 true, Two to tango 2 true, bring the family suite 5 true]Hotel Name, Location, No. of Rooms, Rating
MiggysParadise,Mamma Mia Land,0,5.0,[Bachelor suite 1 true, Two to tango 2 true, bring the family suite 5 true]SeanVille,HoesAin'tLoyalCentral,0,4.0,[I went to the gym once Suite 1 true]Hotel Name, Location, No. of Rooms, Rating
MiggysParadise,Mamma Mia Land,0,5.0,[Bachelor suite 1 true, Two to tango 2 true, bring the family suite 5 true]SeanVille,HoesAin'tLoyalCentral,0,4.0,[I went to the gym once Suite 1 true]WickyNicky'sEmporium,LoserVille,0,-1.0,[Slow Head Turn Deluxe 1 false]Hotel Name, Location, No. of Rooms, Rating
MiggysParadise,Mamma Mia Land,0,5.0,[Bachelor suite 1 true, Two to tango 2 true, bring the family suite 5 true]Hotel Name, Location, No. of Rooms, Rating
MiggysParadise,Mamma Mia Land,0,5.0,[Bachelor suite 1 true, Two to tango 2 true, bring the family suite 5 true]SeanVille,HoesAin'tLoyalCentral,0,4.0,[I went to the gym once Suite 1 true]Hotel Name, Location, No. of Rooms, Rating
MiggysParadise,Mamma Mia Land,0,5.0,[Bachelor suite 1 true, Two to tango 2 true, bring the family suite 5 true]SeanVille,HoesAin'tLoyalCentral,0,4.0,[I went to the gym once Suite 1 true]WickyNicky'sEmporium,LoserVille,0,-1.0,[Slow Head Turn Deluxe 1 false]Hotel Name, Location, No. of Rooms, Rating
MiggysParadise,Mamma Mia Land,0,5.0,[Bachelor suite 1 true, Two to tango 2 true, bring the family suite 5 true]Hotel Name, Location, No. of Rooms, Rating
MiggysParadise,Mamma Mia Land,0,5.0,[Bachelor suite 1 true, Two to tango 2 true, bring the family suite 5 true]SeanVille,HoesAin'tLoyalCentral,0,4.0,[I went to the gym once Suite 1 true]Hotel Name, Location, No. of Rooms, Rating
MiggysParadise,Mamma Mia Land,0,5.0,[Bachelor suite 1 true, Two to tango 2 true, bring the family suite 5 true]SeanVille,HoesAin'tLoyalCentral,0,4.0,[I went to the gym once Suite 1 true]WickyNicky'sEmporium,LoserVille,0,-1.0,[Slow Head Turn Deluxe 1 false]Hotel Name, Location, No. of Rooms, Rating
MiggysParadise,Mamma Mia Land,0,5.0,[Bachelor suite 1 true, Two to tango 2 true, bring the family suite 5 true]Hotel Name, Location, No. of Rooms, Rating
MiggysParadise,Mamma Mia Land,0,5.0,[Bachelor suite 1 true, Two to tango 2 true, bring the family suite 5 true]SeanVille,HoesAin'tLoyalCentral,0,4.0,[I went to the gym once Suite 1 true]Hotel Name, Location, No. of Rooms, Rating
MiggysParadise,Mamma Mia Land,0,5.0,[Bachelor suite 1 true, Two to tango 2 true, bring the family suite 5 true]SeanVille,HoesAin'tLoyalCentral,0,4.0,[I went to the gym once Suite 1 true]WickyNicky'sEmporium,LoserVille,0,-1.0,[Slow Head Turn Deluxe 1 false]Hotel Name, Location, No. of Rooms, Rating
MiggysParadise,Mamma Mia Land,0,5.0,[Bachelor suite 1 true, Two to tango 2 true, bring the family suite 5 true]Hotel Name, Location, No. of Rooms, Rating
MiggysParadise,Mamma Mia Land,0,5.0,[Bachelor suite 1 true, Two to tango 2 true, bring the family suite 5 true]SeanVille,HoesAin'tLoyalCentral,0,4.0,[I went to the gym once Suite 1 true]Hotel Name, Location, No. of Rooms, Rating
MiggysParadise,Mamma Mia Land,0,5.0,[Bachelor suite 1 true, Two to tango 2 true, bring the family suite 5 true]SeanVille,HoesAin'tLoyalCentral,0,4.0,[I went to the gym once Suite 1 true]WickyNicky'sEmporium,LoserVille,0,-1.0,[Slow Head Turn Deluxe 1 false]Hotel Name, Location, No. of Rooms, Rating
MiggysParadise,Mamma Mia Land,0,5.0,[Bachelor suite 1 true, Two to tango 2 true, bring the family suite 5 true]Hotel Name, Location, No. of Rooms, Rating
MiggysParadise,Mamma Mia Land,0,5.0,[Bachelor suite 1 true, Two to tango 2 true, bring the family suite 5 true]SeanVille,HoesAin'tLoyalCentral,0,4.0,[I went to the gym once Suite 1 true]Hotel Name, Location, No. of Rooms, Rating
MiggysParadise,Mamma Mia Land,0,5.0,[Bachelor suite 1 true, Two to tango 2 true, bring the family suite 5 true]SeanVille,HoesAin'tLoyalCentral,0,4.0,[I went to the gym once Suite 1 true]WickyNicky'sEmporium,LoserVille,0,-1.0,[Slow Head Turn Deluxe 1 false]Hotel Name, Location, No. of Rooms, Rating
MiggysParadise,Mamma Mia Land,0,5.0,[Bachelor suite 1 true, Two to tango 2 true, bring the family suite 5 true]Hotel Name, Location, No. of Rooms, Rating
MiggysParadise,Mamma Mia Land,0,5.0,[Bachelor suite 1 true, Two to tango 2 true, bring the family suite 5 true]SeanVille,HoesAin'tLoyalCentral,0,4.0,[I went to the gym once Suite 1 true]Hotel Name, Location, No. of Rooms, Rating
MiggysParadise,Mamma Mia Land,0,5.0,[Bachelor suite 1 true, Two to tango 2 true, bring the family suite 5 true]SeanVille,HoesAin'tLoyalCentral,0,4.0,[I went to the gym once Suite 1 true]WickyNicky'sEmporium,LoserVille,0,-1.0,[Slow Head Turn Deluxe 1 false]Hotel Name, Location, No. of Rooms, Rating
MiggysParadise,Mamma Mia Land,0,5.0,[Bachelor suite 1 true, Two to tango 2 true, bring the family suite 5 true]Hotel Name, Location, No. of Rooms, Rating
MiggysParadise,Mamma Mia Land,0,5.0,[Bachelor suite 1 true, Two to tango 2 true, bring the family suite 5 true]SeanVille,HoesAin'tLoyalCentral,0,4.0,[I went to the gym once Suite 1 true]Hotel Name, Location, No. of Rooms, Rating
MiggysParadise,Mamma Mia Land,0,5.0,[Bachelor suite 1 true, Two to tango 2 true, bring the family suite 5 true]SeanVille,HoesAin'tLoyalCentral,0,4.0,[I went to the gym once Suite 1 true]WickyNicky'sEmporium,LoserVille,0,-1.0,[Slow Head Turn Deluxe 1 false]Hotel Name, Location, No. of Rooms, Rating
MiggysParadise,Mamma Mia Land,0,5.0,[Bachelor suite 1 true, Two to tango 2 true, bring the family suite 5 true]Hotel Name, Location, No. of Rooms, Rating
MiggysParadise,Mamma Mia Land,0,5.0,[Bachelor suite 1 true, Two to tango 2 true, bring the family suite 5 true]SeanVille,HoesAin'tLoyalCentral,0,4.0,[I went to the gym once Suite 1 true]Hotel Name, Location, No. of Rooms, Rating
MiggysParadise,Mamma Mia Land,0,5.0,[Bachelor suite 1 true, Two to tango 2 true, bring the family suite 5 true]SeanVille,HoesAin'tLoyalCentral,0,4.0,[I went to the gym once Suite 1 true]WickyNicky'sEmporium,LoserVille,0,-1.0,[Slow Head Turn Deluxe 1 false]Hotel Name, Location, No. of Rooms, Rating
MiggysParadise,Mamma Mia Land,0,5.0,[Bachelor suite 1 true, Two to tango 2 true, bring the family suite 5 true]Hotel Name, Location, No. of Rooms, Rating
MiggysParadise,Mamma Mia Land,0,5.0,[Bachelor suite 1 true, Two to tango 2 true, bring the family suite 5 true]SeanVille,HoesAin'tLoyalCentral,0,4.0,[I went to the gym once Suite 1 true]Hotel Name, Location, No. of Rooms, Rating
MiggysParadise,Mamma Mia Land,0,5.0,[Bachelor suite 1 true, Two to tango 2 true, bring the family suite 5 true]SeanVille,HoesAin'tLoyalCentral,0,4.0,[I went to the gym once Suite 1 true]WickyNicky'sEmporium,LoserVille,0,-1.0,[Slow Head Turn Deluxe 1 false]Hotel Name, Location, No. of Rooms, Rating
MiggysParadise,Mamma Mia Land,0,5.0,[Bachelor suite 1 true, Two to tango 2 true, bring the family suite 5 true]Hotel Name, Location, No. of Rooms, Rating
MiggysParadise,Mamma Mia Land,0,5.0,[Bachelor suite 1 true, Two to tango 2 true, bring the family suite 5 true]SeanVille,HoesAin'tLoyalCentral,0,4.0,[I went to the gym once Suite 1 true]Hotel Name, Location, No. of Rooms, Rating
MiggysParadise,Mamma Mia Land,0,5.0,[Bachelor suite 1 true, Two to tango 2 true, bring the family suite 5 true]SeanVille,HoesAin'tLoyalCentral,0,4.0,[I went to the gym once Suite 1 true]WickyNicky'sEmporium,LoserVille,0,-1.0,[Slow Head Turn Deluxe 1 false]Hotel Name, Location, No. of Rooms, Rating
MiggysParadise,Mamma Mia Land,0,5.0,[Bachelor suite 1 true, Two to tango 2 true, bring the family suite 5 true]Hotel Name, Location, No. of Rooms, Rating
MiggysParadise,Mamma Mia Land,0,5.0,[Bachelor suite 1 true, Two to tango 2 true, bring the family suite 5 true]SeanVille,HoesAin'tLoyalCentral,0,4.0,[I went to the gym once Suite 1 true]Hotel Name, Location, No. of Rooms, Rating
MiggysParadise,Mamma Mia Land,0,5.0,[Bachelor suite 1 true, Two to tango 2 true, bring the family suite 5 true]SeanVille,HoesAin'tLoyalCentral,0,4.0,[I went to the gym once Suite 1 true]WickyNicky'sEmporium,LoserVille,0,-1.0,[Slow Head Turn Deluxe 1 false]Hotel Name, Location, No. of Rooms, Rating
MiggysParadise,Mamma Mia Land,0,5.0,[Bachelor suite 1 true, Two to tango 2 true, bring the family suite 5 true]Hotel Name, Location, No. of Rooms, Rating
MiggysParadise,Mamma Mia Land,0,5.0,[Bachelor suite 1 true, Two to tango 2 true, bring the family suite 5 true]SeanVille,HoesAin'tLoyalCentral,0,4.0,[I went to the gym once Suite 1 true]Hotel Name, Location, No. of Rooms, Rating
MiggysParadise,Mamma Mia Land,0,5.0,[Bachelor suite 1 true, Two to tango 2 true, bring the family suite 5 true]SeanVille,HoesAin'tLoyalCentral,0,4.0,[I went to the gym once Suite 1 true]WickyNicky'sEmporium,LoserVille,0,-1.0,[Slow Head Turn Deluxe 1 false]Hotel Name, Location, No. of Rooms, Rating
MiggysParadise,Mamma Mia Land,0,5.0,[Bachelor suite 1 true, Two to tango 2 true, bring the family suite 5 true]Hotel Name, Location, No. of Rooms, Rating
MiggysParadise,Mamma Mia Land,0,5.0,[Bachelor suite 1 true, Two to tango 2 true, bring the family suite 5 true]SeanVille,HoesAin'tLoyalCentral,0,4.0,[I went to the gym once Suite 1 true]Hotel Name, Location, No. of Rooms, Rating
MiggysParadise,Mamma Mia Land,0,5.0,[Bachelor suite 1 true, Two to tango 2 true, bring the family suite 5 true]SeanVille,HoesAin'tLoyalCentral,0,4.0,[I went to the gym once Suite 1 true]WickyNicky'sEmporium,LoserVille,0,-1.0,[Slow Head Turn Deluxe 1 false]